LOCALITY,TS_ID,POINT_ID,ZONE,ANALYSE_ID,*FeO_pct,Cr2O3_pct,CaO_pct,Na2O_pct,MgO_pct,SiO2_pct,Al2O3_pct, Mn _ ppm , Ti _ ppm , Zn _ ppm , Cu _ ppm , Ni _ ppm , Co _ ppm , V _ ppm , Sc _ ppm , K _ ppm , Cl _ ppm , Sr _ ppm , F _ ppm 
Hollinger,HOLL-01B,HOLL-01B  2 ,undefined,HOLL1B 2 ,7.013,0.009,0.09,2.038,5.841,36.798,34.21,<DL,1307,240,22,129,<DL,768,47,52,<DL,<DL,<DL
Hollinger,HOLL-01B,HOLL-01B  3 ,undefined,HOLL1B 3 ,6.2,0,0.083,2.122,5.725,36.58,33.896,<DL,1173,172,<DL,101,<DL,724,44,51,355,<DL,245
Hollinger,HOLL-01B,HOLL-01B  4 ,undefined,HOLL1B 4 ,7.064,0.034,0.125,1.942,5.833,36.898,33.877,56,920,200,<DL,91,31,657,59,31,242,<DL,<DL
Dome,DOME-03B,DOME-03B  1 ,undefined,DOME3B 1 ,4.625,0.197,0.027,2.767,7.717,36.738,32.974,<DL,2054,154,34,107,<DL,652,54,69,45,<DL,250
Dome,DOME-03B,DOME-03B  2 ,undefined,DOME3B 2 ,4.518,0.659,0.092,2.352,8.3,36.274,31.674,<DL,1965,161,<DL,101,15,575,38,54,14,<DL,424
Dome,DOME-03B,DOME-03B  3 ,undefined,DOME3B 3 ,4.191,1.136,0.095,2.813,7.814,36.665,32.421,<DL,3382,159,<DL,191,38,443,36,71,32,163,505
Dome,DOME-03B,DOME-03B  4 ,undefined,DOME3B 4 ,3.937,0.728,0.056,2.631,7.955,36.464,32.664,<DL,2401,146,<DL,116,<DL,597,51,60,<DL,56,462
Dome,DOME-03B,DOME-03B  1 ,undefined,DOME4B 1 ,7.208,0.05,0.148,2.356,6.641,36.355,31.691,<DL,3206,148,<DL,77,<DL,581,24,16,12,<DL,727
Dome,DOME-03B,DOME-03B  2 ,undefined,DOME4B 2 ,6.847,0.075,0.02,1.646,6.937,35.923,31.555,<DL,817,145,<DL,57,<DL,682,55,47,<DL,<DL,<DL
Dome,DOME-03B,DOME-03B  3 ,undefined,DOME4B 3 ,5.908,0.077,0.129,2.349,7.005,36.916,32.553,<DL,2564,199,23,34,19,652,75,2137,40,<DL,199
Dome,DOME-03B,DOME-03B  1 ,undefined,DOME4A 1 ,5.609,0.015,0.048,2.669,7.087,36.319,33.01,<DL,871,117,<DL,61,<DL,585,23,141,<DL,<DL,<DL
Dome,DOME-03B,DOME-03B  2 ,undefined,DOME4A 2 ,6.683,0.146,0.183,2.022,6.168,35.521,31.552,<DL,2476,134,<DL,76,31,531,53,57,53,<DL,222
Dome,DOME-03B,DOME-03B  3 ,undefined,DOME4A 3 ,5.835,0.034,0.113,2.049,6.304,37.897,32.753,<DL,2712,165,<DL,74,<DL,681,79,2675,132,<DL,140
Hoyle Pond,POND-05D,POND-05D  1 ,undefined,POND05D 1 ,4.369,0.026,0.041,1.713,7.892,37.159,33.722,<DL,659,209,<DL,28,20,258,55,27,<DL,<DL,<DL
Hoyle Pond,POND-05D,POND-05D  2 ,undefined,POND05D 2 ,5.408,0,0.243,2.108,7.057,36.496,33.526,<DL,3233,244,<DL,87,<DL,471,53,35,273,<DL,<DL
Hoyle Pond,POND-05D,POND-05D  3 ,undefined,POND05D 3 ,5.253,0,0.109,1.901,7.355,36.682,33.473,<DL,968,204,<DL,66,19,365,71,34,<DL,<DL,195
Hoyle Pond,POND-05D,POND-05D 4c ,core,POND05D 4c ,6.646,0,0.385,2.003,6.714,35.726,31.196,<DL,7895,262,<DL,88,<DL,513,90,52,19,<DL,294
Hoyle Pond,POND-05D,POND-05D 4r ,rim,POND05D 4r ,6.391,0,0.34,1.89,6.43,35.801,32.152,<DL,4056,298,<DL,67,<DL,447,30,24,<DL,<DL,<DL
Hoyle Pond,POND-07A,POND-07A  1 ,undefined,POND07A 1 ,6.427,0.061,0.088,2.292,6.498,38.216,30.573,<DL,4784,191,<DL,78,21,318,29,120,<DL,298,304
Hoyle Pond,POND-07A,POND-07A  2 ,undefined,POND07A 2 ,4.51,0.066,0.006,2.914,7.14,36.725,34.076,<DL,1297,121,<DL,32,19,319,84,219,<DL,104,<DL
Hoyle Pond,POND-07A,POND-07A  3 ,undefined,POND07A 3 ,6.475,0.095,0.087,2.343,6.922,36.327,32.366,65,4578,193,<DL,47,<DL,358,41,280,13,314,425
Hoyle Pond,POND-09B,POND-09B  1 ,undefined,POND9B 1 ,6.506,0,0.017,2.22,7.468,36.207,31.37,<DL,557,186,<DL,102,20,277,36,112,218,<DL,<DL
Hoyle Pond,POND-09B,POND-09B 2c ,core,POND9B 2c ,6.542,0.047,0.029,2.143,7.579,36.355,31.374,<DL,439,127,<DL,108,<DL,237,48,105,11,<DL,178
Hoyle Pond,POND-09B,POND-09B 2r ,rim,POND9B 2r ,7.221,0,0.113,2.465,6.912,36.056,31.225,62,4373,148,<DL,101,<DL,427,67,118,<DL,<DL,<DL
Hoyle Pond,POND-09B,POND-09B 3c ,core,POND9B 3c ,5.459,0.329,0.011,1.502,7.723,36.505,31.825,<DL,257,208,<DL,83,26,228,41,50,24,<DL,<DL
Hoyle Pond,POND-09B,POND-09B r1 ,rim,POND9B 3r1 ,6.902,0,0.024,2.406,7.178,35.887,30.609,<DL,2606,212,<DL,79,17,404,58,111,34,<DL,<DL
Hoyle Pond,POND-09B,POND-09B r2 ,rim,POND9B 3r2 ,5.691,0.023,0.057,2.847,7.541,35.981,31.478,<DL,354,84,<DL,34,32,202,34,95,230,<DL,<DL
Hoyle Pond,POND-09B,POND-09B 4c ,core,POND9B 4c ,6.48,0.006,0.006,2.174,7.766,36.126,31.1,<DL,519,211,<DL,132,<DL,230,47,117,280,<DL,99
Hoyle Pond,POND-09B,POND-09B 4r ,rim,POND9B 4r ,4.931,0,0.14,2.821,7.281,36.505,33.277,<DL,332,106,30,90,15,216,34,172,<DL,<DL,<DL
Hoyle Pond,POND-09B,POND-09B 5c ,core,POND9B 5c ,6.139,0.004,0.004,1.835,7.71,36.135,31.198,<DL,299,202,<DL,94,26,273,31,48,<DL,<DL,<DL
Hoyle Pond,POND-09B,POND-09B 5r ,rim,POND9B 5r ,5.442,0,0.031,2.846,7.576,36.075,32.03,<DL,216,140,<DL,90,<DL,225,42,80,9,<DL,<DL
Young Davidson,YOUN-15A,YOUN-15A 1c ,core,YOUN15A 1c ,11.014,0.159,0.125,2.758,6.563,34.798,26.694,<DL,4699,521,<DL,2034,255,1685,118,301,85,620,1404
Young Davidson,YOUN-15A,YOUN-15A 1r ,rim,YOUN15A 1r ,13.081,0.43,0.134,2.728,5.739,35.037,25.454,<DL,4084,462,<DL,1212,243,3028,204,639,<DL,266,598
Young Davidson,YOUN-15A,YOUN-15A 2c ,core,YOUN15A 2c ,11.815,0.099,0.088,2.855,6.551,34.905,26.456,<DL,4045,487,<DL,2682,252,1871,52,338,66,376,489
Young Davidson,YOUN-15A,YOUN-15A 2r ,rim,YOUN15A 2r ,11.731,0.146,0.087,2.728,6.443,35.014,26.786,<DL,4058,451,<DL,2371,231,1921,88,353,71,455,443
Young Davidson,YOUN-15A,YOUN-15A 3c ,core,YOUN15A 3c ,13.024,0.691,0.087,2.722,5.986,34.549,24.515,<DL,7521,567,<DL,1476,198,2902,139,410,<DL,312,786
Young Davidson,YOUN-15A,YOUN-15A 3r ,rim,YOUN15A 3r ,11.803,0.174,0.186,2.738,6.737,35.05,25.827,<DL,4577,485,<DL,2402,201,1940,108,444,12,874,1005
Young Davidson,YOUN-15A,YOUN-15A 4c ,core,YOUN15A 4c ,9.463,0.117,0.101,2.785,7.196,35.467,27.119,<DL,3911,539,<DL,3063,230,1786,57,316,625,244,973
Young Davidson,YOUN-15A,YOUN-15A 4r ,rim,YOUN15A 4r ,13.412,0.424,0.059,2.82,5.778,34.868,24.854,<DL,4792,439,<DL,1243,209,2930,202,514,285,384,498
Canadian Malartic,MALA-07,MALA-07 1c ,core,MALA07 1c ,5.329,0,0.427,2.328,8.501,36.197,31.701,90,1552,735,<DL,48,<DL,588,67,155,<DL,601,<DL
Canadian Malartic,MALA-07,MALA-07 1r ,rim,MALA07 1r ,6.871,0.003,1.035,2.088,8.665,35.944,29.33,149,3922,660,<DL,<DL,<DL,766,48,255,<DL,1972,198
Canadian Malartic,MALA-07,MALA-07 2c ,core,MALA07 2c ,5.336,0,0.41,2.201,8.567,36.199,31.06,143,1519,714,<DL,<DL,<DL,629,55,159,<DL,703,169
Canadian Malartic,MALA-07,MALA-07 2r ,rim,MALA07 2r ,6.88,0,0.972,2.196,8.942,35.561,28.653,129,5305,638,<DL,19,<DL,823,25,232,110,1805,<DL
Canadian Malartic,MALA-07,MALA-07 3c ,core,MALA07 3c ,5.173,0.009,0.346,2.246,8.571,36.483,31.395,136,809,695,<DL,<DL,<DL,537,43,134,<DL,483,120
Canadian Malartic,MALA-07,MALA-07 3r ,rim,MALA07 3r ,6.245,0,0.932,2.234,8.501,35.972,29.311,184,4920,711,<DL,20,<DL,742,30,205,<DL,1320,193
Canadian Malartic,MALA-11,MALA-11 1c ,core,MALA11 1c ,9.692,0.001,0.585,2.227,7.029,35.486,29.424,56,2818,405,<DL,23,<DL,448,58,318,<DL,1499,115
Canadian Malartic,MALA-11,MALA-11 1r ,rim,MALA11 1r ,9.582,0,0.721,2.131,6.893,35.367,29.175,167,4010,355,<DL,31,<DL,496,32,330,<DL,1848,275
Canadian Malartic,MALA-11,MALA-11 2c ,core,MALA11 2c ,10.976,0,0.821,2.115,6.927,34.939,26.817,271,11047,392,<DL,32,<DL,648,67,430,13,2367,336
Canadian Malartic,MALA-11,MALA-11 2r ,rim,MALA11 2r ,9.93,0.015,0.705,2.217,7.183,35.204,28.878,147,3379,384,22,54,<DL,491,36,309,<DL,1563,133
Canadian Malartic,MALA-12,MALA-12 1c ,core,MALA12 1c ,7.622,0.45,0.824,2.132,7.844,34.922,28.12,117,5862,186,<DL,108,18,610,108,413,285,2311,326
Canadian Malartic,MALA-12,MALA-12 1r ,rim,MALA12 1r ,6.533,0.484,0.522,2.275,8.015,35.936,30.331,<DL,1816,169,<DL,93,21,374,44,480,223,2141,<DL
Canadian Malartic,MALA-12,MALA-12 2c ,core,MALA12 2c ,8.971,1.872,0.376,2.434,7.102,35.095,27.04,<DL,4896,715,<DL,697,<DL,499,37,267,264,1770,458
Canadian Malartic,MALA-12,MALA-12 2r ,rim,MALA12 2r ,7.042,0.079,0.625,2.224,8.035,35.773,29.876,<DL,2824,279,<DL,137,<DL,414,34,261,465,2050,<DL
Roberto,ROBE-01A,ROBE-01A 1c ,core,01A 1c ,2.968,0,1.694,1.76,9.02,34.751,33.182,359,5086,306,42,<DL,<DL,441,255,340,<DL,<DL,593
Roberto,ROBE-01A,ROBE-01A 1r ,rim,01A 1r ,1.719,0.554,1.91,1.495,10.131,36.156,32.213,313,5606,196,<DL,<DL,16,1143,85,489,9,<DL,368
Roberto,ROBE-01A,ROBE-01A 2c ,core,01A 2c ,2.711,0.07,1.596,1.659,9.444,35.946,32.477,293,5621,280,37,25,<DL,571,42,336,<DL,<DL,366
Roberto,ROBE-01A,ROBE-01A 2r ,rim,01A 2r ,2.265,0.101,1.797,1.545,9.617,35.754,32.568,443,5717,256,33,<DL,<DL,1007,64,424,<DL,<DL,506
Roberto,ROBE-01A,ROBE-01A 3c ,core,01A 3c ,2.771,0.045,1.603,1.593,9.514,35.874,32.207,136,3346,225,<DL,21,<DL,254,9,161,<DL,842,214
Roberto,ROBE-01A,ROBE-01A 3r ,rim,01A 3r ,2.986,0.073,1.658,1.593,9.103,35.959,32.902,444,6036,259,<DL,<DL,24,654,100,454,21,<DL,548
Roberto,ROBE-02A,ROBE-02A 1c ,core,02A 1c ,6.426,0.284,3.171,1.096,9.345,35.32,28.113,221,10103,128,24,54,<DL,272,<DL,387,<DL,1434,396
Roberto,ROBE-02A,ROBE-02A 1r ,rim,02A 1r ,6.1,0.009,2.458,1.306,9.275,35.583,28.647,206,10425,194,<DL,57,30,228,<DL,494,<DL,1213,255
Roberto,ROBE-02A,ROBE-02A 2c ,core,02A 2c ,6.288,0.082,2.786,1.244,8.964,35.439,28.462,170,10053,152,<DL,93,<DL,295,<DL,404,<DL,998,354
Roberto,ROBE-02A,ROBE-02A 2r ,rim,02A 2r ,5.659,0.11,2.853,1.299,9.423,35.478,28.479,98,6627,98,22,74,<DL,238,<DL,409,<DL,1160,379
Roberto,ROBE-04A,ROBE-04A 1c ,core,04A 1c ,3.848,0.374,1.715,1.77,9.431,35.803,30.913,574,6715,164,<DL,<DL,24,677,69,367,289,63,544
Roberto,ROBE-04A,ROBE-04A 1r ,rim,04A 1r ,4.281,0.159,2.261,1.386,8.95,35.279,30,634,9475,162,<DL,<DL,19,678,73,521,<DL,98,339
Roberto,ROBE-04A,ROBE-04A 2c ,core,04A 2c ,3.341,0.398,2.117,1.407,9.564,35.771,31.211,448,6318,175,40,<DL,24,1127,62,397,<DL,82,337
Roberto,ROBE-04A,ROBE-04A 2r ,rim,04A 2r ,3.575,0.216,2.188,1.426,9.478,35.863,31.236,591,6268,183,<DL,23,<DL,829,52,495,<DL,<DL,305
Roberto,ROBE-04A,ROBE-04A 3c ,core,04A 3c ,3.633,0.146,2.359,1.421,9.766,35.929,30.49,609,5881,187,<DL,<DL,<DL,809,46,402,20,50,319
Roberto,ROBE-04A,ROBE-04A 3r ,rim,04A 3r ,3.636,0.225,2.401,1.391,9.809,35.581,30.548,578,6301,201,23,<DL,<DL,872,59,468,<DL,79,300
Roberto,ROBE-04A,ROBE-04A 4c ,core,04A 4c ,3.371,0.095,1.54,1.762,9.375,35.951,31.667,591,4336,206,<DL,<DL,16,637,63,359,11,61,460
Roberto,ROBE-04A,ROBE-04A 4i ,intermediate,04A 4i ,3.957,0.098,2.282,1.422,9.864,35.919,30.042,685,8865,185,23,16,<DL,689,57,380,<DL,192,417
Roberto,ROBE-04A,ROBE-04A 4r ,rim,04A 4r ,3.558,0.235,2.265,1.465,9.557,35.784,31.019,546,5709,175,<DL,<DL,22,801,59,532,22,<DL,486
Roberto,ROBE-05 ,ROBE-05 1c ,core,05 1c ,10.243,0.035,2.784,1.359,7.156,34.573,27.351,918,9161,256,<DL,24,<DL,454,10,429,13,128,548
Roberto,ROBE-05 ,ROBE-05 1r ,rim,05 1r ,10.033,0.102,2.849,1.31,7.357,34.817,27.629,945,9480,299,<DL,46,<DL,440,21,437,<DL,216,580
Roberto,ROBE-05 ,ROBE-05 2c ,core,05 2c ,9.634,0.282,2.919,1.294,7.863,34.924,26.943,532,10114,214,21,<DL,<DL,1136,<DL,463,<DL,131,671
Roberto,ROBE-05 ,ROBE-05 2r ,rim,05 2r ,10.768,0,2.826,1.285,6.714,34.605,27.467,988,8853,244,<DL,<DL,<DL,241,18,431,<DL,211,585
Roberto,ROBE-06 ,ROBE-06 1c ,core,ROBE06 1c ,11.733,0.007,2.128,1.707,6.349,34.992,27.727,2164,4151,390,<DL,<DL,<DL,28,176,394,<DL,<DL,450
Roberto,ROBE-06 ,ROBE-06 1i ,intermediate,ROBE06 1i ,10.559,0,1.869,1.744,6.529,34.958,28.084,1636,6489,339,<DL,<DL,<DL,68,170,444,<DL,<DL,409
Roberto,ROBE-06 ,ROBE-06 1r ,rim,ROBE06 1r ,12.667,0,1.717,1.871,5.117,34.665,28.23,1951,5493,497,<DL,44,<DL,47,138,505,24,<DL,403
Roberto,ROBE-06 ,ROBE-06 2c ,core,ROBE06 2c ,11.524,0.006,1.613,1.855,5.916,34.558,28.118,1487,9453,447,<DL,<DL,17,128,146,455,<DL,<DL,339
Roberto,ROBE-06 ,ROBE-06 2r ,rim,ROBE06 2r ,12.255,0,1.692,1.852,5.211,34.528,28.268,1914,7867,488,<DL,<DL,<DL,86,129,467,<DL,<DL,367
Roberto,ROBE-06 ,ROBE-06 3c ,core,ROBE06 3c ,10.718,0.01,1.999,1.735,6.493,34.87,27.639,1667,7566,362,<DL,27,18,251,210,426,15,<DL,454
Roberto,ROBE-06 ,ROBE-06 3r ,rim,ROBE06 3r ,11.457,0.02,1.644,1.821,5.8,34.793,28.066,1416,9073,479,<DL,<DL,<DL,78,144,507,<DL,<DL,306
Roberto,ROBE-06 ,ROBE-06 4c ,core,ROBE06 4c ,11.523,0,2.004,1.742,6.18,34.665,27.363,1930,7490,433,<DL,<DL,<DL,149,241,440,<DL,<DL,405
Roberto,ROBE-06 ,ROBE-06 4r ,rim,ROBE06 4r ,12.923,0,1.703,1.843,5.165,34.522,28.332,2016,5712,472,20,17,<DL,48,135,460,<DL,<DL,207
James Bay - Veine showing,LGS-98-136-50,LGS-98-136-50-1c ,core,LGS98 1c ,8.753,0,0.757,2.079,7.075,34.676,30.869,<DL,6401,207,29,34,<DL,110,25,77,11,180,705
James Bay - Veine showing,LGS-98-136-50,LGS-98-136-50-1r ,rim,LGS98 1r ,8.805,0,0.883,2.069,6.896,34.911,31.142,90,3771,167,<DL,19,<DL,172,26,114,48,103,593
James Bay - Veine showing,LGS-98-136-50,LGS-98-136-50-2c ,core,LGS98 2c ,6.874,0.01,0.172,1.743,6.767,35.724,33.891,<DL,344,199,<DL,53,<DL,62,36,34,<DL,<DL,229
James Bay - Veine showing,LGS-98-136-50,LGS-98-136-50-2r ,rim,LGS98 2r ,7.354,0.003,0.66,2.138,6.961,35.315,32.668,63,2020,187,<DL,<DL,<DL,95,27,85,171,107,598
James Bay - Veine showing,LGS-98-136-50,LGS-98-136-50-3c ,core,LGS98 3c ,6.912,0,1.508,1.81,6.692,35.79,32.506,139,790,207,310,<DL,17,79,20,51,102,<DL,421
James Bay - Veine showing,LGS-98-136-50,LGS-98-136-50-3r ,rim,LGS98 3r ,8.632,0.006,1.206,2.045,7.635,35.523,30.303,73,4427,119,272,<DL,<DL,156,28,218,<DL,<DL,637
James Bay - Veine showing,LGS-98-136-50,LGS-98-136-50-4c ,core,LGS98 4c ,6.758,0.019,0.249,1.824,7.173,36.308,32.978,85,341,177,71,<DL,<DL,47,29,35,11,<DL,232
James Bay - Veine showing,LGS-98-136-50,LGS-98-136-50-4r ,rim,LGS98 4r ,7.66,0,0.82,1.899,6.316,42.3,27.975,77,3181,186,39,<DL,<DL,166,26,105,15,140,548
James Bay - As showing,15-RH-7166A,15-RH-7166A 1c ,core,7166A 1c ,6.912,0.001,0.208,1.48,5.984,36.148,34.539,100,695,413,<DL,25,<DL,193,55,33,<DL,<DL,281
James Bay - As showing,15-RH-7166A,15-RH-7166A 1r ,rim,7166A 1r ,6.965,0.01,0.888,1.883,6.692,34.988,33.05,121,4157,232,<DL,<DL,<DL,136,25,70,<DL,<DL,313
James Bay - As showing,15-RH-7166A,15-RH-7166A 2c ,core,7166A 2c ,7.775,0,0.795,1.821,6.403,35.632,32.277,130,5953,318,27,<DL,<DL,390,64,65,<DL,<DL,469
James Bay - As showing,15-RH-7166A,15-RH-7166A 2i ,intermediate,7166A 2i ,8.556,0,0.842,1.832,6.254,35.317,31.674,148,8355,261,22,19,23,451,109,64,10,<DL,512
James Bay - As showing,15-RH-7166A,15-RH-7166A 2r ,rim,7166A 2r ,7.366,0,0.953,1.905,6.793,34.986,32.829,124,3711,230,<DL,42,<DL,128,38,88,<DL,<DL,329
James Bay - As showing,15-RH-7166A,15-RH-7166A 3c ,core,7166A 3c ,7.076,0.006,0.229,1.391,5.951,35.921,34.172,172,417,277,<DL,<DL,<DL,200,61,49,17,<DL,<DL
James Bay - As showing,15-RH-7166A,15-RH-7166A 3r ,rim,7166A 3r ,7.422,0.013,0.827,1.857,6.526,35.369,32.498,157,3343,215,<DL,35,24,189,41,67,<DL,<DL,252
James Bay - Wedding showing,15-RH-7194B,15-RH-7194B 1c ,core,7194B 1c ,8.495,0.08,1.005,1.785,6.244,35.178,31.618,153,4346,147,<DL,26,22,482,156,76,14,<DL,<DL
James Bay - Wedding showing,15-RH-7194B,15-RH-7194B 1r ,rim,7194B 1r ,8.891,0.063,1.023,1.925,6.423,35.234,30.529,195,6461,159,<DL,24,<DL,521,117,121,<DL,<DL,210
James Bay - Wedding showing,15-RH-7194B,15-RH-7194B 2c ,core,7194B 2c ,7.669,0,0.129,1.986,5.369,35.906,33.581,<DL,1792,236,<DL,28,<DL,493,121,37,<DL,<DL,<DL
James Bay - Wedding showing,15-RH-7194B,15-RH-7194B 2r ,rim,7194B 2r ,7.759,0.003,0.255,1.934,5.327,35.643,33.966,143,2045,233,<DL,<DL,<DL,393,77,42,12,<DL,131
James Bay - Wedding showing,15-RH-7194B,15-RH-7194B 3c ,core,7194B 3c ,8.72,0.025,0.175,2.092,5.364,35.966,32.396,92,4149,299,<DL,39,<DL,586,112,38,<DL,<DL,191
James Bay - Wedding showing,15-RH-7194B,15-RH-7194B 3r ,rim,7194B 3r ,8.487,0.004,0.376,1.876,5.332,35.7,33.256,117,3558,264,<DL,<DL,<DL,518,86,54,<DL,<DL,190
James Bay - TR98-111 showing,15-RH-7175A,15-RH-7175A 1c ,core,7175A 1c ,7.162,0,0.462,1.957,7.163,35.949,32.394,92,730,142,<DL,<DL,17,810,69,61,<DL,<DL,173
James Bay - TR98-111 showing,15-RH-7175A,15-RH-7175A 1i1 ,intermediate,7175A 1i1 ,8.047,0.003,0.8,2.278,7.659,35.527,30.817,72,2036,164,<DL,56,<DL,646,44,100,<DL,<DL,697
James Bay - TR98-111 showing,15-RH-7175A,15-RH-7175A 1i2 ,intermediate,7175A 1i2 ,6.438,0,0.874,2.217,8.216,35.976,31.41,66,2185,95,<DL,24,<DL,193,13,97,<DL,<DL,776
James Bay - TR98-111 showing,15-RH-7175A,15-RH-7175A 1i3 ,intermediate,7175A 1i3 ,7.301,0.004,1.126,2.087,8.149,35.255,30.609,<DL,2664,139,<DL,41,<DL,320,29,127,<DL,<DL,644
James Bay - TR98-111 showing,15-RH-7175A,15-RH-7175A 1i4 ,intermediate,7175A 1i4 ,7.098,0.001,1.135,2.029,8.355,35.369,30.28,71,2843,159,50,<DL,<DL,224,20,115,<DL,<DL,567
James Bay - TR98-111 showing,15-RH-7175A,15-RH-7175A 1r ,rim,7175A 1r ,7.85,0,0.736,3.021,6.4,38.31,28.838,<DL,1743,200,<DL,85,<DL,50,10,111,17,<DL,143
James Bay - TR98-111 showing,15-RH-7175A,15-RH-7175A 2 ,intermediate,7175A 2 ,7.374,0,0.922,2.201,8.033,35.262,30.909,88,2168,114,<DL,51,<DL,390,36,119,<DL,<DL,603
James Bay - TR98-111 showing,15-RH-7175A,15-RH-7175A 3 ,intermediate,7175A 3 ,5.973,0,0.336,1.893,7.979,35.966,32.368,<DL,611,130,<DL,<DL,23,350,58,67,<DL,<DL,158
James Bay - TR98-111 showing,15-RH-7175A,15-RH-7175A 4 ,intermediate,7175A 4 ,8.17,0.022,1.005,1.909,6.795,35.493,31.33,<DL,3125,340,<DL,513,32,282,42,49,10,<DL,614
James Bay - TR98-111 showing,15-RH-7175A,15-RH-7175A 5c ,core,7175A 5c ,6.328,0.028,0.908,2.174,8.141,35.887,31.257,<DL,2213,81,<DL,29,<DL,206,23,108,<DL,<DL,471
James Bay - TR98-111 showing,15-RH-7175A,15-RH-7175A 5i ,intermediate,7175A 5i ,6.772,0.031,0.958,2.099,7.99,35.645,30.732,96,2467,160,<DL,56,30,277,47,83,<DL,<DL,624
James Bay - TR98-111 showing,15-RH-7175A,15-RH-7175A 5r ,rim,7175A 5r ,8.592,0,0.87,2.287,7.687,35.527,29.717,<DL,3186,130,<DL,100,<DL,71,47,123,19,<DL,127
James Bay - Wedding showing,15-RH-7194C,15-RH-7194C 1c ,core,7194C 1c ,7.299,0.231,0.164,2.05,6.05,35.745,32.812,<DL,6059,229,<DL,66,18,813,101,50,29,<DL,262
James Bay - Wedding showing,15-RH-7194C,15-RH-7194C 1r ,rim,7194C 1r ,8.747,0.143,0.358,1.879,5.135,35.546,32.984,83,4487,273,<DL,85,30,545,58,124,<DL,<DL,<DL
James Bay - Wedding showing,15-RH-7194C,15-RH-7194C 2c ,core,7194C 2c ,7.801,0.171,0.218,1.907,5.51,35.869,32.987,<DL,3280,198,19,<DL,<DL,651,72,56,<DL,<DL,226
James Bay - Wedding showing,15-RH-7194C,15-RH-7194C 2r ,rim,7194C 2r ,8.384,0.27,0.439,2.023,5.647,35.335,32.247,157,4272,237,<DL,50,16,702,110,151,<DL,<DL,346
James Bay - Wedding showing,15-RH-7194C,15-RH-7194C 3c ,core,7194C 3c ,7.499,0.004,0.094,1.983,5.641,36.22,33.666,55,1388,252,<DL,42,17,578,69,32,<DL,<DL,253
James Bay - Wedding showing,15-RH-7194C,15-RH-7194C 3r ,rim,7194C 3r ,9.273,0.025,0.46,1.813,4.777,35.144,33.025,184,3084,236,<DL,<DL,<DL,476,61,70,<DL,<DL,141
James Bay - Wedding showing,15-RH-7194C,15-RH-7194C 4c ,core,7194C 4c ,7.922,0.053,0.161,1.914,5.443,35.816,33.49,118,2741,239,<DL,<DL,45,539,78,54,<DL,<DL,221
James Bay - Wedding showing,15-RH-7194C,15-RH-7194C 4r ,rim,7194C 4r ,9.704,0,0.448,1.961,5.036,35.45,32.487,183,3339,320,19,57,<DL,479,70,87,<DL,85,<DL
James Bay - As showing,15-RH-7168A,15-RH-7168A 1c ,core,7168A 1c ,5.721,0,0.038,1.77,5.773,36.646,35.631,67,383,135,<DL,79,<DL,321,51,17,<DL,<DL,303
James Bay - As showing,15-RH-7168A,15-RH-7168A 1r ,rim,7168A 1r ,6.93,0.004,0.074,2.029,5.898,36.509,33.819,<DL,2315,307,<DL,27,<DL,237,47,38,10,<DL,199
James Bay - As showing,15-RH-7168A,15-RH-7168A 2c ,core,7168A 2c ,8.179,0.022,0.06,1.232,4.699,36.332,34.552,<DL,1579,171,<DL,88,25,238,37,43,<DL,<DL,309
James Bay - As showing,15-RH-7168A,15-RH-7168A 2i ,intermediate,7168A 2i ,6.095,0,0.034,1.64,5.357,36.729,36.107,61,645,142,<DL,93,<DL,358,53,42,<DL,<DL,<DL
James Bay - As showing,15-RH-7168A,15-RH-7168A 2i2 ,intermediate,7168A 2i2 ,7.055,0.012,0.052,1.919,5.707,36.207,34.029,<DL,2156,222,<DL,65,<DL,292,31,92,<DL,<DL,282
James Bay - As showing,15-RH-7168A,15-RH-7168A 2r ,rim,7168A 2r ,7.11,0.026,0.269,2.045,6.178,36.12,33.11,54,2748,253,<DL,<DL,20,187,45,186,213,<DL,238
James Bay - Marylou showing,15-RH-7203A,15-RH-7203A 1c ,core,7203A 1c ,7.188,0,0.393,1.89,6.526,36.171,32.483,114,1692,113,<DL,<DL,27,187,49,99,13,223,<DL
James Bay - Marylou showing,15-RH-7203A,15-RH-7203A 1r ,rim,7203A 1r ,9.789,0.028,0.789,2.111,5.856,35.176,30.539,332,3783,113,<DL,<DL,<DL,508,148,199,39,59,<DL
James Bay - Marylou showing,15-RH-7203A,15-RH-7203A 2c ,core,7203A 2c ,7.242,0,0.372,2.037,6.7,36.346,32.122,175,1965,92,<DL,<DL,23,169,34,122,<DL,325,366
James Bay - Marylou showing,15-RH-7203A,15-RH-7203A 2r ,rim,7203A 2r ,9.754,0.013,0.816,2.056,6.074,35.527,30.384,541,5339,145,<DL,22,28,204,36,173,<DL,<DL,<DL
James Bay - Marylou showing,15-RH-7203A,15-RH-7203A 3c ,core,7203A 3c ,7.821,0,0.606,2.064,6.568,35.887,30.973,178,4871,119,<DL,<DL,<DL,329,29,120,179,447,193
James Bay - Marylou showing,15-RH-7203A,15-RH-7203A 3r ,rim,7203A 3r ,10.229,0,1.091,2.097,6.092,35.138,29.16,550,8534,75,<DL,<DL,<DL,221,21,222,18,<DL,<DL
James Bay - Marylou showing,LGS-96-07-57.5,LGS-96-07-57.5 1c ,core,96 07 575 1c ,6.768,0.089,0.949,2.248,8.191,35.893,29.995,212,4812,32,<DL,25,<DL,216,27,142,<DL,<DL,245
James Bay - Marylou showing,LGS-96-07-57.5,LGS-96-07-57.5 1r ,rim,96 07 575 1r ,7.383,0.004,1.445,2.134,8.396,35.617,29.19,251,7778,106,<DL,31,22,306,<DL,226,<DL,282,116
James Bay - Marylou showing,LGS-96-07-57.5,LGS-96-07-57.5  2 ,intermediate,96 07 575 2 ,5.188,0.044,1.917,4.033,6.244,43.077,28.011,209,5384,58,<DL,<DL,<DL,276,37,193,33,272,<DL
James Bay - Marylou showing,LGS-96-07-57.5,LGS-96-07-57.5  3 ,intermediate,96 07 575 3 ,7.41,0.383,1.303,2.142,8.07,35.946,29.403,146,6303,124,<DL,50,<DL,670,20,190,<DL,186,<DL
James Bay - Marylou showing,LGS-96-07-57.5,LGS-96-07-57.5 4c ,core,96 07 575 4c ,6.223,0.013,0.61,2.309,8.105,36.171,31.597,142,1063,81,<DL,60,<DL,155,<DL,107,38,<DL,<DL
James Bay - Marylou showing,LGS-96-07-57.5,LGS-96-07-57.5 4r ,rim,96 07 575 4r ,7.953,0.025,1.324,2.029,9.232,35.14,28.555,248,5432,61,27,<DL,16,264,13,190,48,185,<DL
James Bay - Marylou showing,LGS-96-07-57.5,LGS-96-07-57.5  5 ,intermediate,96 07 575 5 ,7.669,0.05,1.829,1.81,8.33,35.73,29.003,249,7550,71,<DL,51,<DL,291,<DL,176,13,209,263
James Bay - Marylou showing,LGS-96-07-57.5,LGS-96-07-57.5 6c ,core,96 07 575 6c ,8.254,0.088,1.539,2.041,8.285,35.427,27.727,204,11561,74,<DL,28,<DL,271,<DL,225,<DL,496,170
James Bay - Marylou showing,LGS-96-07-57.5,LGS-96-07-57.5 6r ,rim,96 07 575 6r ,7.388,0,1.35,2.066,8.314,35.921,29.709,339,5672,101,22,60,<DL,319,16,172,67,71,128
James Bay - Marylou showing,15-RH-7206AB,15-RH-7206AB  1 ,undefined,7206AB 1 ,6.982,0.248,1.171,2.208,8.435,36.053,29.942,117,5845,106,31,205,18,271,35,121,39,1575,326
James Bay - Marylou showing,15-RH-7206AB,15-RH-7206AB  2 ,undefined,7206AB 2 ,6.349,0.311,1.031,2.169,8.597,35.938,30.144,114,5031,67,<DL,92,<DL,510,41,123,98,1277,262
James Bay - Marylou showing,15-RH-7206AB,15-RH-7206AB  3 ,undefined,7206AB 3 ,6.179,0.105,0.979,2.11,8.915,36.032,29.791,123,5824,117,36,269,<DL,271,13,145,10,739,169
James Bay - Marylou showing,15-RH-7206AB,15-RH-7206AB  4 ,undefined,7206AB 4 ,6.178,0.183,0.925,2.147,8.519,36.036,29.738,127,5687,81,<DL,164,29,290,<DL,99,27,770,296
James Bay - Marylou showing,15-RH-7206AB,15-RH-7206AB 5c ,core,7206AB 5c ,5.088,0,0.453,2.416,8.594,36.432,31.688,143,1275,52,<DL,212,<DL,135,11,86,<DL,261,105
James Bay - Marylou showing,15-RH-7206AB,15-RH-7206AB 5r ,rim,7206AB 5r ,6.84,0.026,1.227,2.128,8.721,35.989,29.192,94,7406,94,<DL,217,36,229,<DL,154,<DL,767,<DL
James Bay - Marylou showing,15-RH-7206AB,15-RH-7206AB 6c ,core,7206AB 6c ,5.363,0,0.495,2.364,8.518,36.417,31.773,153,1299,44,19,228,<DL,124,12,72,<DL,190,<DL
James Bay - Marylou showing,15-RH-7206AB,15-RH-7206AB 6r ,rim,7206AB 6r ,7.258,0.016,1.394,2.093,8.639,35.54,28.789,79,7893,127,<DL,208,<DL,269,<DL,199,<DL,1109,<DL
James Bay - Marylou showing,15-RH-7205AB,15-RH-7205AB 1c ,core,15RH7205AB 1c ,7.761,0.134,1.101,2.143,7.335,35.217,29.8,166,10193,115,<DL,99,<DL,405,38,178,<DL,702,952
James Bay - Marylou showing,15-RH-7205AB,15-RH-7205AB 1i ,intermediate,15RH7205AB 1i ,6.723,0.149,0.866,2.174,7.601,35.307,31.058,141,5872,102,<DL,112,32,327,14,123,13,223,<DL
James Bay - Marylou showing,15-RH-7205AB,15-RH-7205AB 1r ,rim,15RH7205AB 1r ,7.763,0.085,1.156,2.131,7.901,35.281,29.783,118,6381,109,<DL,132,42,323,24,146,284,144,603
James Bay - Marylou showing,15-RH-7205AB,15-RH-7205AB 2c ,core,15RH7205AB 2c ,8.068,0.235,1.021,2.139,7.473,35.24,29.794,230,9047,108,<DL,106,<DL,385,72,173,<DL,647,171
James Bay - Marylou showing,15-RH-7205AB,15-RH-7205AB 2r ,rim,15RH7205AB 2r ,6.652,0.181,0.809,2.279,7.592,35.315,31.625,118,3231,111,<DL,102,24,325,33,180,<DL,454,<DL
James Bay - Marylou showing,15-RH-7205AB,15-RH-7205AB  3 ,undefined,15RH7205AB 3 ,6.537,0,0.624,2.184,7.576,35.679,31.663,143,1105,127,<DL,98,37,279,41,125,<DL,164,<DL
James Bay - Marylou showing,15-RH-7205AB,15-RH-7205AB  4 ,undefined,15RH7205AB 4 ,6.413,0,0.798,2.197,7.625,35.651,31.835,128,3358,76,<DL,59,<DL,347,39,149,<DL,360,<DL
James Bay - Orezone showing,15-RH-7213A,15-RH-7213A 1c ,core,15RH7213A 1c ,7.059,0.057,0.641,1.903,6.632,35.377,32.695,<DL,3304,403,<DL,<DL,25,436,23,55,<DL,<DL,<DL
James Bay - Orezone showing,15-RH-7213A,15-RH-7213A 1r ,rim,15RH7213A 1r ,8.007,0.023,1.423,1.812,7.418,35.433,30.786,113,5000,351,<DL,16,19,530,<DL,83,<DL,<DL,346
James Bay - Orezone showing,15-RH-7213A,15-RH-7213A 2c ,core,15RH7213A 2c ,7.144,0.107,0.6,1.856,6.607,35.335,32.583,<DL,2158,171,<DL,<DL,<DL,354,35,66,27,<DL,165
James Bay - Orezone showing,15-RH-7213A,15-RH-7213A 2r ,rim,15RH7213A 2r ,8.857,0.047,1.423,1.909,7.125,35.206,30.167,102,4263,83,<DL,<DL,<DL,553,17,101,<DL,57,<DL
James Bay - Orezone showing,15-RH-7213A,15-RH-7213A 3c ,core,15RH7213A 3c ,7.002,0.079,0.644,1.953,6.634,35.936,32.697,<DL,3312,156,<DL,<DL,<DL,430,35,50,<DL,148,964
James Bay - Orezone showing,15-RH-7213A,15-RH-7213A 3r ,rim,15RH7213A 3r ,7.826,0.022,1.547,1.773,7.362,35.326,30.805,98,4521,81,<DL,<DL,<DL,545,11,112,14,<DL,<DL
Excelsior,EXCE-01,EXCE-01 1c ,core,EXCE 01 1c ,17.087,0,1.974,1.735,7.012,34.785,23.104,110,1226,41,28,106,<DL,641,32,262,30,386,128
Excelsior,EXCE-01,EXCE-01 1r ,rim,EXCE 01 1r ,13.651,0.003,1.44,2.018,6.984,35.076,25.704,120,921,<DL,<DL,77,<DL,575,24,173,20,214,<DL
Excelsior,EXCE-01,EXCE-01 2c ,core,EXCE 01 2c ,13.105,0.007,0.909,2.174,6.234,35.495,27.65,88,751,26,<DL,93,<DL,185,82,117,25,67,192
Excelsior,EXCE-01,EXCE-01 2r ,rim,EXCE 01 2r ,16.274,0.013,0.583,2.327,5.51,34.453,25.488,250,859,58,<DL,19,<DL,137,540,348,74,269,<DL
Excelsior,EXCE-01,EXCE-01 3c ,core,EXCE 01 3c ,15.25,0.034,0.967,2.151,6.352,34.517,25.154,89,1217,<DL,<DL,40,39,414,2008,226,<DL,122,<DL
Excelsior,EXCE-01,EXCE-01 3r ,rim,EXCE 01 3r ,16.129,0.038,1.846,1.847,6.659,34.408,23.614,67,5036,43,<DL,77,23,766,31,282,35,518,149
Excelsior,EXCE-01,EXCE-01 4c ,core,EXCE 01 4c ,11.338,0.003,1.173,2.03,6.954,35.157,28.551,91,1211,<DL,<DL,127,33,368,24,164,20,145,158
Excelsior,EXCE-01,EXCE-01 4r ,rim,EXCE 01 4r ,13.194,0.01,1.402,2.057,6.81,34.873,26.463,92,1628,28,<DL,82,25,300,51,235,29,208,<DL
Excelsior,EXCE-01,EXCE-01 5c ,core,EXCE 01 5c ,11.061,0,0.935,2.201,7.408,35.538,28.702,95,506,<DL,<DL,51,28,281,172,141,<DL,<DL,<DL
Excelsior,EXCE-01,EXCE-01 5r ,rim,EXCE 01 5r ,16.441,0.022,1.671,1.902,6.551,34.419,23.786,58,3691,<DL,<DL,44,<DL,652,163,304,22,386,<DL
Royal Hill - Rosebel,RHD-38029B,RHD-38029B 1c ,core,380 29B 1c ,6.727,0.288,0.481,2.006,6.719,36.09,31.833,51,2580,284,<DL,291,40,1306,52,41,<DL,<DL,428
Royal Hill - Rosebel,RHD-38029B,RHD-38029B 1r ,rim,380 29B 1r ,8.509,0.324,1.049,1.658,6.059,35.245,31.735,79,2604,143,<DL,148,72,2183,96,96,<DL,<DL,383
Royal Hill - Rosebel,RHD-38029B,RHD-38029B 2c ,core,380 29B 2c ,6.857,0.108,0.611,1.852,6.841,35.923,31.96,71,2733,192,<DL,134,62,1489,92,64,<DL,<DL,457
Royal Hill - Rosebel,RHD-38029B,RHD-38029B 2r ,rim,380 29B 2r ,7.61,0.247,0.939,1.802,6.592,35.852,31.599,<DL,2054,129,35,53,39,2003,147,78,11,<DL,378
Royal Hill - Rosebel,RHD-38029B,RHD-38029B 3c ,core,380 29B 3c ,7.507,0.175,0.887,1.853,6.523,35.521,31.631,63,3526,137,<DL,157,51,2258,152,61,<DL,<DL,603
Royal Hill - Rosebel,RHD-38029B,RHD-38029B 3r ,rim,380 29B 3r ,7.849,0.184,1.084,1.81,6.755,35.253,31.506,<DL,1987,127,29,58,31,2046,106,98,13,<DL,318
Royal Hill - Rosebel,RHD-467-38,RHD-467-38 1c ,core,467 38 1c ,8.599,0.007,0.171,1.479,4.817,35.902,33.649,63,294,363,<DL,19,19,709,54,29,<DL,<DL,<DL
Royal Hill - Rosebel,RHD-467-38,RHD-467-38 1r ,rim,467 38 1r ,9.269,0.022,0.494,1.82,5.19,35.416,32.477,126,3360,266,30,49,21,299,22,44,<DL,212,393
Royal Hill - Rosebel,RHD-467-38,RHD-467-38 2c ,core,467 38 2c ,8.591,0,0.162,1.456,4.817,35.983,34.221,<DL,342,407,<DL,<DL,<DL,278,28,26,<DL,<DL,231
Royal Hill - Rosebel,RHD-467-38,RHD-467-38 2r ,rim,467 38 2r ,9.52,0.001,0.607,1.941,5.256,35.339,31.663,65,2961,389,24,<DL,<DL,530,29,58,<DL,100,320
Royal Hill - Rosebel,RHD-467-38,RHD-467-38 3c ,core,467 38 3c ,8.851,0,0.113,1.415,4.618,36.085,33.751,60,233,299,29,29,25,364,34,30,<DL,<DL,<DL
Royal Hill - Rosebel,RHD-467-38,RHD-467-38 3r ,rim,467 38 3r ,9.11,0.034,0.765,1.899,5.77,35.476,31.421,104,2777,250,<DL,82,45,664,31,57,<DL,277,562
Royal Hill - Rosebel,RHD-467-38,RHD-467-38 4c ,core,467 38 4c ,9.272,0,0.173,1.484,4.679,36.111,33.18,57,446,314,<DL,33,27,522,42,44,<DL,<DL,<DL
Royal Hill - Rosebel,RHD-467-38,RHD-467-38 4r ,rim,467 38 4r ,9.663,0.02,0.565,1.867,5.1,35.392,31.74,151,3358,204,<DL,29,<DL,658,21,83,<DL,425,444
Royal Hill - Rosebel,RHD-447-57,RHD-447-57 1c ,core,447 57 1c ,8.996,0,0.316,1.62,5.223,35.792,32.931,334,1543,273,<DL,133,103,494,75,67,<DL,<DL,<DL
Royal Hill - Rosebel,RHD-447-57,RHD-447-57 1r ,rim,447 57 1r ,13.614,0.01,0.046,1.436,1.67,35.422,32.829,<DL,991,329,<DL,2024,45,694,43,9,28,<DL,<DL
Royal Hill - Rosebel,RHD-447-57,RHD-447-57  2 ,undefined,447 57 2 ,8.693,0,0.276,1.603,5.395,35.872,32.271,273,715,314,<DL,83,83,786,58,54,<DL,<DL,257
Royal Hill - Rosebel,RHD-447-57,RHD-447-57  3 ,undefined,447 57 3 ,9.416,0,0.255,1.48,4.823,35.514,32.309,286,597,301,23,95,146,546,63,57,<DL,<DL,<DL
Royal Hill - Rosebel,RHD-641-51,RHD-641-51 1c ,core,641 51 1c ,10.089,0,0.874,1.647,5.173,35.305,31.459,139,3497,183,28,44,52,577,28,71,<DL,266,264
Royal Hill - Rosebel,RHD-641-51,RHD-641-51 1r ,rim,641 51 1r ,10.062,0.022,0.796,1.808,5.223,34.977,31.472,130,2596,204,<DL,38,28,479,16,75,<DL,128,225
Royal Hill - Rosebel,RHD-641-51,RHD-641-51 2c ,core,641 51 2c ,8.324,0.018,0.823,1.926,6.568,35.418,31.506,137,2057,262,<DL,86,65,354,16,78,<DL,72,450
Royal Hill - Rosebel,RHD-641-51,RHD-641-51 2r ,rim,641 51 2r ,8.855,0.013,0.887,1.697,5.492,35.407,31.848,200,2409,271,<DL,49,23,563,27,60,<DL,<DL,287
Royal Hill - Rosebel,RHD-641-51,RHD-641-51  3 ,undefined,641 51 3 ,9.101,0,0.879,1.545,5.034,35.193,33.333,125,2990,180,<DL,<DL,77,565,12,68,<DL,166,193
Royal Hill - Rosebel,RHD-641-51,RHD-641-51  4 ,undefined,641 51 4 ,9.869,0.009,0.215,1.845,5.23,35.711,31.82,71,704,249,<DL,73,51,283,42,39,16,<DL,<DL
Royal Hill - Rosebel,RHD-558-50,RHD-558-50  1 ,undefined,558 50 1 ,9.44,0.079,0.105,1.756,4.687,35.424,32.891,54,1935,490,194,56,74,2146,22,38,<DL,<DL,316
Royal Hill - Rosebel,RHD-558-50,RHD-558-50  2 ,undefined,558 50 2 ,8.8,0.032,0.548,1.996,5.966,35.388,31.523,56,4308,480,<DL,<DL,17,1578,34,66,<DL,<DL,614
Pay Caro - Rosebel,PC-453-75,PC-453-75  1 ,undefined,453 75 1 ,8.128,0.048,2.051,1.246,6.261,34.954,32.141,324,6091,133,<DL,89,61,277,15,415,<DL,64,218
Pay Caro - Rosebel,PC-453-75,PC-453-75  2 ,undefined,453 75 2 ,8.001,0.026,1.454,1.525,6.369,35.253,32.787,386,3134,206,<DL,102,16,218,39,349,<DL,<DL,324
Salsigne,SLSI-02,SLSI-02 1c ,core,SLSI02 1c ,11.569,0.047,2.269,1.655,6.712,34.757,27.402,140,3254,<DL,<DL,21,<DL,207,92,187,10,82,763
Salsigne,SLSI-02,SLSI-02 1i ,intermediate,SLSI02 1i ,15.08,0.006,1.676,1.913,6.76,34.74,24.646,73,3172,<DL,<DL,<DL,<DL,361,<DL,204,<DL,177,695
Salsigne,SLSI-02,SLSI-02  2 ,intermediate,SLSI02 2 ,12.407,0.02,0.15,1.785,3.298,35.388,32.232,<DL,2457,175,26,41,54,448,11,60,13,<DL,177
Salsigne,SLSI-02,SLSI-02 3c ,core,SLSI02 3c ,6.569,0.042,0.451,2.43,7.874,35.775,31.304,141,4050,80,<DL,136,37,251,<DL,140,15,<DL,<DL
Salsigne,SLSI-02,SLSI-02 3r ,rim,SLSI02 3r ,11.68,0.127,0.213,1.938,3.817,34.588,31.043,<DL,2298,<DL,32,23,<DL,754,39,48347,155,<DL,<DL
Salsigne,SLSI-02,SLSI-02 4c ,core,SLSI02 4c ,9.975,0.076,2.012,1.379,6.155,33.73,31.429,97,5834,75,<DL,120,45,409,65,623,<DL,<DL,<DL
Salsigne,SLSI-02,SLSI-02 5c ,core,SLSI02 5c ,6.57,0.048,1.199,2.018,8.158,35.626,31.397,86,940,145,23,120,57,276,<DL,113,21,<DL,<DL
Salsigne,SLSI-02,SLSI-02 5r ,rim,SLSI02 5r ,9.911,0.06,0.038,1.728,3.454,36.338,32.823,<DL,3388,383,<DL,176,<DL,557,<DL,99,<DL,<DL,237
Salsigne,SLSI-04,SLSI-04 1c ,core,SLSI04 1c ,7.64,0.004,0.396,2.13,5.898,35.489,33.224,224,5917,134,21,27,<DL,451,66,317,23,<DL,<DL
Salsigne,SLSI-04,SLSI-04 1r ,rim,SLSI04 1r ,11.21,0.031,0.069,2.274,4.5,35.399,30.1,55,6770,321,<DL,86,<DL,370,<DL,277,30,81,282
Salsigne,SLSI-04,SLSI-04  2 ,undefined,SLSI04 2 ,4.842,0,0.176,2.804,7.604,36.113,33.6,263,1730,57,<DL,<DL,<DL,59,<DL,297,<DL,<DL,<DL
Salsigne,SLSI-04,SLSI-04  3 ,undefined,SLSI04 3 ,6.254,0,0.222,2.77,7.747,36.222,32.506,188,840,47,<DL,<DL,<DL,142,13,153,44,<DL,361
Salsigne,SLSI-04,SLSI-04  4 ,undefined,SLSI04 4 ,4.55,0,0.137,2.808,7.158,36.65,34.571,137,2146,56,<DL,<DL,<DL,196,<DL,460,<DL,<DL,<DL
Salsigne,SLSI-04,SLSI-04  5 ,undefined,SLSI04 5 ,7.168,0.02,0.162,2.635,7.062,35.743,31.735,325,591,77,<DL,<DL,21,62,<DL,4319,35,71,<DL
Salsigne,SLSI-01,SLSI-01 1c ,core,SLSI01 1c ,6.422,0.054,0.719,1.764,6.495,35.251,32.978,256,4050,193,23,92,30,361,13,206,10,<DL,<DL
Salsigne,SLSI-01,SLSI-01 1r ,rim,SLSI01 1r ,10.432,0.039,0.218,1.929,4.414,35.114,30.784,190,6447,124,<DL,117,<DL,348,<DL,193,<DL,123,278
Salsigne,SLSI-01,SLSI-01  2 ,undefined,SLSI01 2 ,8.95,0.662,0.984,1.712,3.984,33.747,33.273,59,6380,372,<DL,368,67,2388,368,569,21,<DL,752
Salsigne,SLSI-01,SLSI-01 3c ,core,SLSI01 3c ,8.559,0.028,0.132,1.942,5.773,35.929,31.412,128,6950,177,<DL,83,41,291,<DL,182,<DL,1619,350
Salsigne,SLSI-01,SLSI-01 3r ,rim,SLSI01 3r ,8.895,0.007,0.003,1.314,3.125,47.762,27.599,63,2254,74,<DL,100,19,265,17,866,<DL,<DL,505
Salsigne,SLSI-01,SLSI-01 4c ,core,SLSI01 4c ,7.66,0.022,0.55,2.211,6.72,35.521,30.922,232,63753,260,<DL,39,<DL,464,<DL,161,23,<DL,667
Salsigne,SLSI-01,SLSI-01 4r ,rim,SLSI01 4r ,10.449,0.012,0.02,1.829,4.052,35.465,31.963,80,2148,93,<DL,48,34,319,19,9420,46,<DL,<DL
Salsigne,SLSI-01,SLSI-01 5c ,core,SLSI01 5c ,7.948,0.26,0.397,2.228,6.141,35.542,31.005,301,5047,321,<DL,29,18,252,38,245,<DL,53,293
Salsigne,SLSI-01,SLSI-01 5r ,rim,SLSI01 5r ,7.957,0.203,0.343,2.145,5.823,35.489,30.771,68,2999,173,<DL,38,21,134,<DL,756,<DL,356,404
Salsigne,SLSI-01,SLSI-01 6c ,core,SLSI01 6c ,8.336,0.164,1.332,1.645,5.047,35.762,31.869,51,6569,232,<DL,43,25,458,217,548,43,<DL,1861
Salsigne,SLSI-01,SLSI-01 6r ,rim,SLSI01 6r ,8.421,0.045,0.178,1.701,4.094,44.837,27.937,<DL,6567,188,<DL,163,46,349,27,245,<DL,191,390
Essakane,160312,160312 1c ,core,160312 1c ,9.459,0.004,0.221,2.328,5.742,35.215,29.843,152,9449,248,<DL,<DL,<DL,406,82,96,<DL,784,215
Essakane,160312,160312 1i ,intermediate,160312 1i ,7.676,0.094,0.179,2.119,5.999,35.696,31.907,128,3451,324,<DL,<DL,<DL,324,52,85,38,294,230
Essakane,160312,160312 1r ,rim,160312 1r ,8.317,0.003,0.369,2.132,6.011,35.521,31.395,104,2791,325,<DL,27,<DL,272,40,85,<DL,306,243
Essakane,160312,160312  2 ,undefined,160312 2 ,7.781,0.031,0.073,1.671,5.467,36.227,32.834,97,885,286,25,<DL,<DL,229,38,31,27,<DL,<DL
Essakane,160312,160312  3 ,undefined,160312 3 ,7.827,0.058,0.099,1.859,6.012,36.109,32.198,77,3217,259,<DL,23,<DL,317,59,69,21,183,131
Essakane,160295,160295 1c ,core,160295 1c ,6.248,0.05,0.046,2.077,6.423,36.145,32.765,<DL,1634,246,<DL,42,<DL,421,43,94,23,<DL,315
Essakane,160295,160295 1r ,rim,160295 1r ,7.795,0,0.225,1.968,5.556,35.737,32.279,50,3246,255,<DL,<DL,<DL,398,29,104,<DL,167,237
Essakane,160295,160295 2c ,core,160295 2c ,7.17,0.029,0.049,2.209,6.019,35.69,32.118,<DL,1232,248,<DL,106,<DL,527,72,64,65,<DL,<DL
Essakane,160295,160295 2r ,rim,160295 2r ,7.631,0.054,0.235,2.066,5.649,35.332,31.861,59,3528,359,<DL,26,<DL,409,49,85,39,144,119
Essakane,160295,160295  3 ,undefined,160295 3 ,7.728,0,0.217,2.155,5.73,35.273,31.329,65,3266,342,<DL,19,18,357,30,68,42,113,261
Essakane,160295,160295  4 ,undefined,160295 4 ,7.671,0.079,0.102,2.049,5.463,35.69,32.409,50,4836,171,<DL,35,<DL,470,45,60,<DL,253,421
Essakane,160295,160295  5 ,undefined,160295 5 ,8.082,0.044,0.063,2.217,5.581,35.709,31.646,<DL,4553,248,<DL,28,23,427,31,83,<DL,282,400
Essakane,160380,160380 1c ,core,160380 1c ,7.763,0.012,0.084,1.89,5.977,36.336,32.619,<DL,833,292,<DL,<DL,<DL,174,41,83,<DL,<DL,97
Essakane,160380,160380 1r ,rim,160380 1r ,8.222,0.016,0.299,2.128,5.82,35.974,32.028,<DL,5400,238,<DL,<DL,<DL,409,31,112,<DL,196,<DL
Essakane,160380,160380 2c ,core,160380 2c ,9.412,0.061,0.397,2.166,5.84,35.743,30.722,105,7021,273,<DL,<DL,16,338,32,94,<DL,323,<DL
Essakane,160380,160380 2i ,intermediate,160380 2i ,10.14,0.042,0.36,2.232,5.649,35.341,29.26,97,13297,249,<DL,<DL,28,349,66,160,13,513,<DL
Essakane,160380,160380 2r ,rim,160380 2r ,7.793,0.013,0.278,2.197,6.095,35.593,31.731,<DL,4917,287,21,26,<DL,391,43,82,127,134,<DL
Essakane,160380,160380 3c ,core,160380 3c ,8.264,0.047,0.078,1.874,5.802,36.317,31.92,54,783,250,<DL,<DL,17,225,57,89,<DL,<DL,<DL
Essakane,160380,160380 3r ,rim,160380 3r ,8.017,0.029,0.27,2.182,6.098,36.049,31.221,<DL,4922,261,<DL,38,<DL,361,45,102,217,202,130
Essakane,160380,160380 4c ,core,160380 4c ,8.118,0.004,0.091,1.894,5.724,36.062,32.566,<DL,496,267,<DL,<DL,<DL,234,86,66,37,<DL,<DL
Essakane,160380,160380 4r ,rim,160380 4r ,8.039,0.013,0.252,2.271,6.163,35.628,31.521,<DL,4642,257,<DL,<DL,23,356,33,103,<DL,152,255
Navachab,VACH-05,VACH-05  1 ,undefined,VACH 05 1 ,10.364,0.05,0.735,1.835,5.352,35.457,30.773,806,3400,130,<DL,28,<DL,369,24,276,<DL,270,321
Navachab,VACH-05,VACH-05  2 ,undefined,VACH 05 2 ,8.689,0.039,1.342,1.611,6.513,35.384,30.388,1012,5380,84,<DL,27,20,466,<DL,705,41,322,598
Navachab,VACH-05,VACH-05  3 ,undefined,VACH 05 3 ,10.679,0.02,0.946,1.826,5.352,35.163,30.21,1142,4395,143,<DL,53,62,420,18,203,39,672,207
Navachab,VACH-05,VACH-05  4 ,undefined,VACH 05 4 ,8.177,0.08,3.245,0.976,8.425,34.988,27.822,1079,7297,95,<DL,<DL,<DL,823,<DL,583,44,210,738
Navachab,VACH-05,VACH-05  5 ,undefined,VACH 05 5 ,8.393,0.022,1.319,1.774,7.043,35.662,30.288,842,4008,137,<DL,40,<DL,445,19,208,<DL,714,298
Navachab,VACH-05,VACH-05  6 ,undefined,VACH 05 6 ,8.937,0.031,1.198,1.779,6.418,35.424,30.182,990,5570,107,<DL,52,<DL,463,<DL,328,23,441,444
Navachab,VACH-05,VACH-05  7 ,undefined,VACH 05 7 ,7.665,0.054,1.934,1.438,7.453,35.698,30.204,969,4531,93,<DL,37,<DL,408,<DL,284,106,640,315
New Consort,NEWC-07,NEWC-07 1c ,core,NEWC 07 1c ,2.79,0.286,0.809,2.178,9.796,36.563,31.644,232,2799,<DL,<DL,<DL,<DL,416,49,97,<DL,<DL,<DL
New Consort,NEWC-07,NEWC-07 1r ,rim,NEWC 07 1r ,3.722,0.494,4.107,3.533,7.627,45.276,25.08,148,7827,22,27,45,<DL,661,7,212,10,276,<DL
New Consort,NEWC-07,NEWC-07 2c ,core,NEWC 07 2c ,1.895,0.186,0.334,2.372,10.021,37.046,32.356,83,2943,50,<DL,116,21,506,87,90,<DL,<DL,93
New Consort,NEWC-07,NEWC-07 2r ,rim,NEWC 07 2r ,4.93,1.226,1.563,1.751,9.116,35.655,29.588,166,7479,74,<DL,<DL,<DL,598,12,119,10,272,<DL
New Consort,NEWC-07,NEWC-07 3c ,core,NEWC 07 3c ,2.847,0.465,0.888,2.159,9.685,36.409,31.591,132,2657,48,20,<DL,<DL,638,91,81,20,<DL,<DL
New Consort,NEWC-07,NEWC-07 3r ,rim,NEWC 07 3r ,4.548,0.24,1.634,1.853,9.192,35.979,30.116,185,8028,35,<DL,30,<DL,535,<DL,126,<DL,298,237
New Consort,NEWC-07,NEWC-07 4c ,core,NEWC 07 4c ,2.933,0.25,0.866,2.077,9.179,38.819,30.356,119,2412,59,<DL,32,<DL,519,78,84,<DL,<DL,<DL
New Consort,NEWC-07,NEWC-07 4r ,rim,NEWC 07 4r ,4.495,1.027,1.673,1.791,9.075,35.668,29.868,178,7120,56,<DL,<DL,<DL,619,<DL,143,<DL,287,<DL
New Consort,NEWC-03,NEWC-03 1c ,core,NEWC 03 1c ,7.465,2.346,0.297,2.11,5.467,35.604,31.058,<DL,4869,55,<DL,97,<DL,1050,85,156,<DL,<DL,<DL
New Consort,NEWC-03,NEWC-03 1r ,rim,NEWC 03 1r ,6.146,2.28,0.28,1.944,5.757,35.416,32.487,<DL,4458,97,<DL,77,<DL,1126,76,183,<DL,<DL,<DL
New Consort,NEWC-03,NEWC-03 2c ,core,NEWC 03 2c ,2.588,0.17,0.025,2.553,9.162,37.065,32.755,<DL,1138,59,<DL,18,<DL,983,68,33,<DL,<DL,170
New Consort,NEWC-03,NEWC-03 2r ,rim,NEWC 03 2r ,7.612,1.923,0.336,2.07,5.492,35.151,31.149,<DL,4429,97,<DL,38,<DL,1482,199,123,<DL,<DL,<DL
New Consort,NEWC-03,NEWC-03 3c ,core,NEWC 03 3c ,2.118,4.466,0.027,2.646,8.4,36.535,30.692,<DL,530,52,<DL,<DL,<DL,1116,338,100,11,<DL,132
New Consort,NEWC-03,NEWC-03 3r ,rim,NEWC 03 3r ,8.223,2.806,0.169,2.103,5.113,35.525,30.475,<DL,3534,129,<DL,18,43,1562,220,171,<DL,<DL,<DL
New Consort,NEWC-04,NEWC-04 1c ,core,NEWC 04 1c ,2.233,3.533,0.014,2.619,9.02,36.507,31.011,<DL,375,68,<DL,37,<DL,1118,342,137,41,<DL,<DL
New Consort,NEWC-04,NEWC-04 1r ,rim,NEWC 04 1r ,8.92,2.289,0.229,2.132,4.88,35.352,30.594,<DL,4634,110,<DL,85,<DL,1100,90,282,16,<DL,<DL
New Consort,NEWC-04,NEWC-04 2c ,core,NEWC 04 2c ,3.107,3.096,0.014,2.399,9.484,36.222,30.346,<DL,358,113,<DL,63,<DL,1061,545,39,11,<DL,<DL
New Consort,NEWC-04,NEWC-04 2r ,rim,NEWC 04 2r ,4.806,5.193,0.119,2.282,6.258,35.576,30.624,<DL,3423,81,<DL,80,<DL,1325,86,232,<DL,70,211
New Consort,NEWC-04,NEWC-04 3c ,core,NEWC 04 3c ,2.85,6.726,0.074,2.554,7.942,35.912,28.545,<DL,2066,54,<DL,62,<DL,936,82,160,<DL,<DL,<DL
New Consort,NEWC-04,NEWC-04 3r ,rim,NEWC 04 3r ,5.536,3.948,0.18,2.122,6.135,35.602,31.412,<DL,2512,33,<DL,61,31,949,42,284,10,<DL,<DL
New Consort,NEWC-09,NEWC-09 1c ,core,Newc09 1c ,5.742,0.991,0.453,2.335,7.373,35.439,32.288,149,2661,22,<DL,81,<DL,1158,111,132,124,<DL,<DL
New Consort,NEWC-09,NEWC-09 1i ,intermediate,Newc09 1i ,6.809,0.237,0.768,2.289,7.519,35.354,31.79,151,3839,71,<DL,73,22,400,150,58,<DL,161,26522
New Consort,NEWC-09,NEWC-09 1r ,rim,Newc09 1r ,6.292,0,1.23,2.225,8.569,35.056,29.963,75,8701,<DL,<DL,68,<DL,400,<DL,72,<DL,373,1791
New Consort,NEWC-09,NEWC-09 2c ,core,Newc09 2c ,4.86,0.269,0.694,2.306,9.048,35.993,31.493,122,1387,35,<DL,86,17,224,35,71,<DL,139,190
New Consort,NEWC-09,NEWC-09 2r ,rim,Newc09 2r ,6.336,0.034,1.207,2.162,8.461,35.324,29.955,179,7996,<DL,<DL,28,<DL,447,6,68,<DL,264,460
New Consort,NEWC-09,NEWC-09 3c ,core,Newc09 3c ,4.612,0,0.353,1.564,6.495,53.824,22.681,131,844,49,28,89,27,231,<DL,246,11,<DL,285
New Consort,NEWC-09,NEWC-09 3r ,rim,Newc09 3r ,5.567,0,1.152,2.103,8.683,35.527,30.331,116,6966,51,<DL,80,<DL,341,<DL,44,<DL,234,<DL
Hira Buddini,HIRA-01,HIRA-01  1 ,undefined,HIRA 01 1 ,9.93,0.032,0.361,2.335,6.045,35.604,29.432,128,2879,332,<DL,43,<DL,727,68,90,<DL,469,<DL
Hira Buddini,HIRA-01,HIRA-01  2 ,undefined,HIRA 01 2 ,10.2,0.023,0.432,2.282,5.782,35.191,29.169,256,4465,244,<DL,20,25,1070,96,163,78,467,<DL
Hira Buddini,HIRA-01,HIRA-01  3 ,undefined,HIRA 01 3 ,9.412,0.11,0.062,2.049,5.279,35.839,31.671,<DL,2290,283,<DL,89,<DL,1278,80,59,<DL,63,<DL
Hira Buddini,HIRA-01,HIRA-01  4 ,undefined,HIRA 01 4 ,9.218,0.124,0.153,2.406,5.571,35.949,30.142,53,3810,185,<DL,71,27,1019,87,154,22,357,193
Hira Buddini,HIRA-01,HIRA-01  5 ,undefined,HIRA 01 5 ,9.764,0.019,0.241,2.351,6.186,35.553,29.173,188,2412,205,<DL,<DL,35,890,144,124,58,497,327
Hira Buddini,HIRA-01,HIRA-01  6 ,undefined,HIRA 01 6 ,9.543,0.01,0.158,2.25,5.788,35.745,30.335,124,3576,211,<DL,39,<DL,860,75,118,293,518,202
Hira Buddini,HIRA-04,HIRA-04 1c ,core,HIRA 04 1c ,15.34,0.621,1.145,2.199,6.795,34.259,23.714,146,3498,104,<DL,177,23,733,14,230,<DL,592,<DL
Hira Buddini,HIRA-04,HIRA-04 1r ,rim,HIRA 04 1r ,9.119,0.387,0.719,2.426,7.703,35.48,28.459,308,2368,76,<DL,156,32,422,127,159,<DL,502,139
Hira Buddini,HIRA-04,HIRA-04 2c ,core,HIRA 04 2c ,7.802,0.56,0.225,2.614,7.849,35.966,29.811,182,605,75,19,179,47,332,468,98,<DL,104,<DL
Hira Buddini,HIRA-04,HIRA-04 2r ,rim,HIRA 04 2r ,9.479,0.465,0.75,2.424,7.708,35.457,28.054,236,4828,105,<DL,180,30,640,248,191,25,806,<DL
Hira Buddini,HIRA-04,HIRA-04 3c ,core,HIRA 04 3c ,7.911,0.554,0.287,2.499,7.553,36.043,30.142,189,1026,105,<DL,197,25,295,229,121,<DL,83,<DL
Hira Buddini,HIRA-04,HIRA-04 3r ,rim,HIRA 04 3r ,8.919,0.734,1.585,1.922,7.574,35.007,27.727,239,5791,115,<DL,183,25,293,<DL,148,<DL,62,<DL
Hira Buddini,HIRA-04,HIRA-04 4c ,core,HIRA 04 4c ,13.512,0.449,0.928,2.286,6.937,34.847,25.133,203,1713,78,<DL,255,47,573,56,290,<DL,436,<DL
Hira Buddini,HIRA-04,HIRA-04 4r ,rim,HIRA 04 4r ,8.767,0.605,1.647,1.932,7.715,35.448,28.173,243,4678,140,<DL,181,46,362,25,142,<DL,<DL,106
Hira Buddini,HIRA-04,HIRA-04 5c ,core,HIRA 04 5c ,7.063,0.319,0.27,2.486,7.682,36.051,30.231,185,674,102,35,258,23,306,240,77,<DL,<DL,<DL
Hira Buddini,HIRA-04,HIRA-04 5r ,rim,HIRA 04 5r ,8.535,0.528,2.924,1.879,7.705,34.346,27.244,235,4613,53,<DL,168,19,392,36,123,12,<DL,132
Uti,UTI-02,UTI-02 1c ,core,UTI 02 1c ,6.367,0.01,1.851,1.74,7.183,34.419,32.681,139,6305,500,<DL,24,62,33,39,404,11,<DL,517
Uti,UTI-02,UTI-02 1r ,rim,UTI 02 1r ,5.697,0.007,1.633,1.783,7.478,34.83,32.651,243,7061,533,<DL,<DL,87,64,31,377,<DL,<DL,450
Uti,UTI-02,UTI-02 2c ,core,UTI 02 2c ,5.805,0,1.778,1.475,7.145,34.318,33.416,167,7250,449,20,41,66,45,38,426,15,<DL,570
Uti,UTI-02,UTI-02 2r ,rim,UTI 02 2r ,5.77,0.012,1.736,1.667,7.456,34.977,32.57,176,7464,508,<DL,<DL,69,51,42,438,<DL,<DL,406
Uti,UTI-02,UTI-02  3 ,undefined,UTI 02 3 ,6.278,0.019,0.993,1.934,6.762,34.845,32.534,<DL,5003,472,<DL,29,56,32,7,270,14,<DL,305
Uti,UTI-02,UTI-02 4c ,core,UTI 02 4c ,6.071,0.009,1.788,1.658,7.088,34.083,32.283,224,7449,504,<DL,18,41,66,21,422,<DL,<DL,405
Uti,UTI-02,UTI-02 4r ,rim,UTI 02 4r ,5.709,0.004,1.805,1.611,7.969,34.975,31.421,202,7455,503,<DL,<DL,70,42,24,316,<DL,<DL,474
Uti,UTI-02,UTI-02 5c ,core,UTI 02 5c ,5.531,0,1.788,1.678,7.388,34.584,32.304,195,7675,500,<DL,28,51,48,27,412,<DL,<DL,565
Uti,UTI-02,UTI-02 5r ,rim,UTI 02 5r ,5.922,0.01,1.465,1.702,7.778,35.091,31.41,193,7689,575,<DL,<DL,56,51,36,307,<DL,<DL,485
Big Bell,BIGB-01A,BIGB-01A  1 ,undefined,BIGB-01A 1 ,5.745,0.003,0.641,1.429,6.483,35.649,34.119,431,2084,488,<DL,<DL,27,1259,<DL,343,<DL,<DL,103
Big Bell,BIGB-01A,BIGB-01A 2c ,core,BIGB-01A 2c ,5.284,0.01,0.507,1.295,6.599,36.096,34.337,397,1071,465,<DL,<DL,<DL,1373,44,273,<DL,<DL,<DL
Big Bell,BIGB-01A,BIGB-01A 2r ,rim,BIGB-01A 2r ,6.476,0.009,1.219,1.546,6.912,35.076,32.576,457,3886,567,25,17,43,1849,14,457,<DL,<DL,<DL
Big Bell,BIGB-01A,BIGB-01A  3 ,undefined,BIGB-01A 3 ,5.953,0.004,1.262,1.461,7.173,35.112,32.489,418,4580,463,26,16,<DL,1902,33,424,<DL,<DL,<DL
Big Bell,BIGB-01A,BIGB-01A  4 ,undefined,BIGB-01A 4 ,5.812,0,1.108,1.557,7.276,35.037,33.278,293,3182,370,<DL,20,36,1612,<DL,402,<DL,<DL,123
Big Bell,BIGB-01A,BIGB-01A  5 ,undefined,BIGB-01A 5 ,5.942,0,1.157,1.578,7.436,34.954,32.455,286,3166,370,<DL,<DL,41,1413,7,368,<DL,<DL,<DL
St. Ives,STIV-09A,STIV 09A 1c ,core,STIV 09A 1c ,10.525,0.057,1.1,1.778,5.846,34.855,29.033,98,6706,139,<DL,126,19,1844,300,111,<DL,<DL,<DL
St. Ives,STIV-09A,STIV 09A 1r ,rim,STIV 09A 1r ,8.555,0,1.028,1.53,5.172,34.718,33.539,108,1884,157,<DL,84,<DL,1168,66,77,<DL,<DL,<DL
St. Ives,STIV-09A,STIV 09A 2c ,core,STIV 09A 2c ,9.354,0,1.012,1.5,5.158,34.457,32.746,81,2552,151,<DL,124,19,1390,99,111,11,<DL,141
St. Ives,STIV-09A,STIV 09A 2r ,rim,STIV 09A 2r ,7.936,0,1.07,1.801,6.924,35.88,31.761,51,2382,50,<DL,96,76,1039,50,90,<DL,<DL,<DL
St. Ives,STIV-09A,STIV 09A 3c ,core,STIV 09A 3c ,7.604,0.007,0.357,1.573,6.777,36.107,31.808,53,375,75,<DL,230,38,1114,504,75,<DL,<DL,<DL
St. Ives,STIV-09A,STIV 09A 3r ,rim,STIV 09A 3r ,8.129,0,1.006,1.901,6.947,35.506,30.677,57,3130,85,<DL,93,65,1326,118,204,49,<DL,386
St. Ives,STIV-09A,STIV 09A 4c ,core,STIV 09A 4c ,8.306,0,0.341,1.574,6.796,36.064,31.274,51,346,93,<DL,189,<DL,1100,139,72,<DL,<DL,<DL
St. Ives,STIV-09A,STIV 09A 4r ,rim,STIV 09A 4r ,8.083,0.038,1.027,1.86,7.032,35.478,30.958,<DL,2730,91,<DL,253,50,1238,127,132,<DL,<DL,252
St. Ives,STIV-09B,STIV 09B 1c ,core,STIV 09B 1c ,8.389,0.007,0.618,1.701,5.959,35.377,32.451,54,985,66,24,145,<DL,1061,55,97,16,<DL,<DL
St. Ives,STIV-09B,STIV 09B 1r ,rim,STIV 09B 1r ,8.67,0,0.978,1.727,5.868,35.365,31.597,<DL,2046,110,<DL,175,37,1458,66,95,<DL,<DL,<DL
St. Ives,STIV-09B,STIV 09B 2c ,core,STIV 09B 2c ,7.107,0,0.602,1.473,6.843,36.1,32.71,67,689,84,37,44,49,549,71,93,<DL,<DL,<DL
St. Ives,STIV-09B,STIV 09B 2r ,rim,STIV 09B 2r ,7.715,0.009,1.206,1.651,6.954,35.754,31.098,53,2114,54,<DL,34,35,889,69,112,12,<DL,<DL
St. Ives,STIV-09B,STIV 09B 3c ,core,STIV 09B 3c ,7.085,0,0.553,1.527,6.78,35.94,32.458,<DL,792,83,<DL,56,66,624,100,82,<DL,<DL,<DL
St. Ives,STIV-09B,STIV 09B 3r ,rim,STIV 09B 3r ,8.327,0,1.333,1.719,7.302,35.388,30.348,<DL,2326,35,25,71,42,929,107,125,<DL,<DL,225
St. Ives,STIV-09B,STIV 09B 4c ,core,STIV 09B 4c ,8.408,0.018,1.166,1.738,6.921,35.583,30.641,<DL,4227,56,27,153,<DL,1245,90,81,<DL,<DL,220
St. Ives,STIV-09B,STIV 09B 4r ,rim,STIV 09B 4r ,8.028,0,1.305,1.67,7.05,35.589,30.771,92,1962,88,<DL,71,<DL,942,82,114,<DL,<DL,405
Lincoln Hill,NEVA-01 ,NEVA-01 1c ,core,NEVA 1c ,5.439,0,0.848,2.149,8.556,35.869,30.331,445,6345,227,39,<DL,<DL,108,35,364,<DL,142,716
Lincoln Hill,NEVA-01 ,NEVA-01 1r ,rim,NEVA 1r ,5.98,0.013,0.418,2.163,7.521,35.859,32.196,393,3144,258,<DL,<DL,<DL,89,64,594,<DL,59,492
Lincoln Hill,NEVA-01 ,NEVA-01 2c ,core,NEVA 2c ,8.769,0.022,0.704,2.151,6.908,35.198,29.241,512,8962,330,<DL,<DL,45,145,57,469,<DL,150,264
Lincoln Hill,NEVA-01 ,NEVA-01 2r ,rim,NEVA 2r ,7.028,0.01,0.55,2.362,7.584,35.377,31.315,431,4506,206,<DL,<DL,27,110,65,630,13,253,183
Lincoln Hill,NEVA-01 ,NEVA-01 3c ,core,NEVA 3c ,9.138,0,0.449,1.843,4.74,40.636,27.79,218,3172,203,<DL,<DL,<DL,51,48,25852,<DL,<DL,<DL
Lincoln Hill,NEVA-01 ,NEVA-01 3r ,rim,NEVA 3r ,7.496,0,1.899,1.508,7.677,35.059,29.84,1037,4338,192,<DL,<DL,<DL,125,47,691,<DL,<DL,330
Lincoln Hill,NEVA-01 ,NEVA-01 4c ,core,NEVA 4c ,7.974,0,0.407,2.141,5.989,39.303,28.426,375,3447,297,<DL,<DL,18,73,50,1161,<DL,<DL,198
Lincoln Hill,NEVA-01 ,NEVA-01 4r ,rim,NEVA 4r ,7.064,0.031,1.567,1.535,7.597,35.279,30.488,781,5442,214,<DL,<DL,<DL,128,42,688,<DL,<DL,221
Tehery Wager,W088A1 ,W088A1 1c ,core,W088A1 1c ,9.981,0.113,2.188,1.236,5.773,33.788,31.612,<DL,4343,157,<DL,185,58,600,25,649,<DL,<DL,<DL
Tehery Wager,W088A1 ,W088A1 1r ,rim,W088A1 1r ,10.024,0.213,2.162,1.252,5.787,33.985,31.62,<DL,4327,164,<DL,160,45,603,13,639,<DL,<DL,<DL
Tehery Wager,S084A2 ,S084A2 1c ,core,S084A2 1c ,8.228,0.064,1.839,1.806,8.1,35.225,29.768,1181,2655,48,<DL,181,38,198,28,477,75,<DL,<DL
Tehery Wager,S084A2 ,S084A2 1r ,rim,S084A2 1r ,8.336,0.301,2.414,1.481,8.261,35.095,29.556,1287,2691,55,<DL,182,55,365,19,603,40,<DL,<DL
Tehery Wager,S084A2 ,S084A2 2c ,core,S084A2 2c ,7.498,0.108,1.061,2.158,8.216,35.769,30.441,1217,1687,<DL,<DL,163,54,135,28,207,82,<DL,<DL
Tehery Wager,S084A2 ,S084A2 2r ,rim,S084A2 2r ,8.592,0.262,2.248,1.591,8.287,34.858,28.955,1305,2949,24,<DL,198,36,419,39,577,<DL,<DL,112
Tehery Wager,S084A2 ,S084A2 3c ,core,S084A2 3c ,6.98,0.088,2.306,1.426,8.362,34.907,31.376,975,1731,53,21,146,33,137,18,664,29,<DL,151
Tehery Wager,S084A2 ,S084A2 3r ,rim,S084A2 3r ,8.511,0.142,1.774,1.783,8.017,35.044,30.223,1127,2084,43,<DL,207,51,281,39,554,18,<DL,<DL
Tehery Wager,S084A2 ,S084A2 4c ,core,S084A2 4c ,7.925,0.224,2.477,1.383,8.249,34.766,29.84,1218,2694,27,<DL,192,58,354,34,586,<DL,<DL,<DL
Tehery Wager,S084A2 ,S084A2 4r ,rim,S084A2 4r ,8.412,0.178,2.436,1.401,8.33,35.063,29.634,1305,2743,31,<DL,200,49,367,22,676,<DL,<DL,<DL
Tehery Wager,S084A2 ,S084A2 5c ,core,S084A2 5c ,8.113,0.284,1,2.182,8.005,35.084,30.021,1142,2259,<DL,<DL,184,42,578,52,183,<DL,<DL,114
Tehery Wager,S084A2 ,S084A2 5r ,rim,S084A2 5r ,8.118,0.31,2.415,1.463,8.259,34.545,29.492,1270,2676,27,<DL,192,38,341,30,745,<DL,<DL,<DL
LaRonde,LRTO-02,LRTO-02 1c ,core,LRTO-02 1c ,6.138,0.01,0.383,1.523,6.655,35.636,33.505,536,496,578,<DL,51,<DL,1049,146,69,,,
LaRonde,LRTO-02,LRTO-02 1r ,rim,LRTO-02 1r ,7.372,0.115,1.287,1.728,7.106,34.838,31.894,667,2247,563,<DL,117,<DL,1481,44,107,,,
LaRonde,LRTO-02,LRTO-02 2c ,core,LRTO-02 2c ,9.023,0.151,1.019,1.721,6.238,35.187,30.305,595,6377,707,32,49,36,1496,354,95,,,
LaRonde,LRTO-02,LRTO-02 2r ,rim,LRTO-02 2r ,7.689,0.14,1.231,1.531,6.37,35.024,32.6,978,2915,556,<DL,53,30,1366,53,84,,,
LaRonde,LRTO-02,LRTO-02 3c ,core,LRTO-02 3c ,6.434,0.019,0.302,1.526,6.173,35.923,34.129,483,434,653,<DL,52,<DL,962,425,47,,,
LaRonde,LRTO-02,LRTO-02 3r ,rim,LRTO-02 3r ,7.121,0.042,1.247,1.731,6.919,34.462,31.629,767,2670,519,<DL,106,19,1500,15,66,,,
LaRonde,LRTO-03,LRTO-03 1c ,core,LRTO-03 1c ,8.308,0.029,0.968,1.708,5.705,35.448,33.346,418,1113,125,43,<DL,35,808,69,98,,,
LaRonde,LRTO-03,LRTO-03 1r ,rim,LRTO-03 1r ,10.911,0.001,1.459,1.531,4.953,34.56,31.074,356,7009,141,40,<DL,<DL,1654,13,159,,,
LaRonde,LRTO-03,LRTO-03 2 ,intermediate,LRTO-03 2 ,9.93,0,1.665,1.618,5.803,34.697,30.297,431,6273,169,<DL,20,28,1649,39,202,,,
LaRonde,LRTO-03,LRTO-03 3 ,intermediate,LRTO-03 3 ,10.513,0.007,1.851,1.519,5.727,34.609,29.218,409,11234,172,30,<DL,25,1632,61,264,,,
LaRonde,LRTO-04,LRTO-04 1 ,intermediate,LRTO-04 1 ,9.27,0,1.415,1.971,7.44,35.519,28.349,181,5273,96,27,17,33,176,25,76,,,
LaRonde,LRTO-04,LRTO-04 2 ,intermediate,LRTO-04 2 ,8.361,0,1.262,1.946,6.589,35.061,31.965,122,1689,98,34,19,32,204,<DL,82,,,
LaRonde,LRTO-04,LRTO-04 3 ,intermediate,LRTO-04 3 ,8.793,0,1.273,2.042,6.331,34.992,30.871,113,6616,56,<DL,30,54,942,43,82,,,
LaRonde,LRTO-04,LRTO-04 4 ,intermediate,LRTO-04 4 ,9.317,0,1.223,1.895,6.425,34.99,30.783,193,5220,<DL,24,23,52,1093,21,72,,,
LaRonde,LRTO-04,LRTO-04 5 ,intermediate,LRTO-04 5 ,9.647,0,1.396,2.006,6.491,35.125,30.303,159,5289,64,<DL,33,21,339,<DL,97,,,
LaRonde,LRTO-04,LRTO-04 6 ,intermediate,LRTO-04 6 ,8.479,0,1.167,2.039,6.607,35.347,31.79,146,2088,77,<DL,<DL,36,412,<DL,72,,,
LaRonde,LRTO-01,LRTO-01 1c ,core,LRTO-01 1c ,6.695,0.018,0.655,1.491,6.617,36.436,32.963,584,578,507,46,<DL,<DL,1025,<DL,79,,,
LaRonde,LRTO-01,LRTO-01 1r ,rim,LRTO-01 1r ,9.309,0.012,1.319,1.463,5.492,34.785,32.275,216,2971,526,<DL,34,43,748,<DL,142,,,
LaRonde,LRTO-01,LRTO-01 2c ,core,LRTO-01 2c ,8.622,0.142,1.1,1.692,6.299,35.157,31.2,850,2046,695,98,23,<DL,1682,120,96,,,
LaRonde,LRTO-01,LRTO-01 2r ,rim,LRTO-01 2r ,11.062,0.019,1.329,1.432,4.601,34.096,32.379,269,4612,607,<DL,105,<DL,890,16,127,,,
LaRonde,LRTO-01,LRTO-01 3c ,core,LRTO-01 3c ,8.147,0.247,1.107,1.585,6.193,35.215,32.158,272,2552,563,25,82,39,1122,<DL,107,,,
LaRonde,LRTO-01,LRTO-01 3r ,rim,LRTO-01 3r ,10.733,0.26,1.298,1.406,4.346,34.594,32.625,164,4121,625,<DL,86,65,860,19,129,,,
